CREATE SCHEMA "public";

CREATE SEQUENCE "public".cars_id_seq START WITH 1;

CREATE SEQUENCE "public".hibernate_sequence START WITH 1;

CREATE  TABLE "public".cars ( 
	id                   integer GENERATED BY DEFAULT AS IDENTITY  NOT NULL ,
	govern_number        varchar(255)   ,
	vendor_model_name    varchar(255)   ,
	CONSTRAINT pk_cars_id PRIMARY KEY ( id )
 );

CREATE  TABLE "public".customers ( 
	id                   bigint  NOT NULL ,
	full_name            varchar(255)   ,
	CONSTRAINT customers_pkey PRIMARY KEY ( id )
 );

CREATE  TABLE "public".rental_point ( 
	id                   bigint  NOT NULL ,
	point_name           varchar(255)   ,
	CONSTRAINT rental_point_pkey PRIMARY KEY ( id )
 );

CREATE  TABLE "public".usr ( 
	id                   bigint  NOT NULL ,
	active               bool  NOT NULL ,
	"password"           varchar(255)   ,
	username             varchar(255)   ,
	CONSTRAINT usr_pkey PRIMARY KEY ( id )
 );

CREATE  TABLE "public".rental_cars ( 
	id                   bigint  NOT NULL ,
	from_rental          timestamp   ,
	to_rental            timestamp   ,
	cars_id              bigint   ,
	customer_id          bigint   ,
	rental_point_id      bigint   ,
	CONSTRAINT rental_cars_pkey PRIMARY KEY ( id ),
	CONSTRAINT fkjer9wp3dvlak41087vbjswoku FOREIGN KEY ( cars_id ) REFERENCES "public".cars( id )  ,
	CONSTRAINT fkt2rjjbpcbi0kw95fchpatuxja FOREIGN KEY ( customer_id ) REFERENCES "public".customers( id )  ,
	CONSTRAINT fkos0i7j8as1ll9f3505bmopkf5 FOREIGN KEY ( rental_point_id ) REFERENCES "public".rental_point( id )  
 );

CREATE  TABLE "public".user_role ( 
	user_id              bigint  NOT NULL ,
	roles                varchar(255)   ,
	CONSTRAINT fkfpm8swft53ulq2hl11yplpr5 FOREIGN KEY ( user_id ) REFERENCES "public".usr( id )  
 );

INSERT INTO "public".cars( id, govern_number, vendor_model_name ) VALUES ( 1, 'B5900YM', 'Hyundai Accent' ); 
INSERT INTO "public".cars( id, govern_number, vendor_model_name ) VALUES ( 2, 'Q3392MW', 'GMC 3500' ); 
INSERT INTO "public".cars( id, govern_number, vendor_model_name ) VALUES ( 3, 'V7332SK', 'GMC 3500' ); 
INSERT INTO "public".cars( id, govern_number, vendor_model_name ) VALUES ( 4, 'D7126KF', 'Buick Rendezvous' ); 
INSERT INTO "public".cars( id, govern_number, vendor_model_name ) VALUES ( 5, 'O1790AD', 'Ford Galaxie' ); 
INSERT INTO "public".cars( id, govern_number, vendor_model_name ) VALUES ( 6, 'X4943DL', 'Hyundai Accent' ); 
INSERT INTO "public".cars( id, govern_number, vendor_model_name ) VALUES ( 7, 'X8451SH', 'Jaguar XK Series' ); 
INSERT INTO "public".cars( id, govern_number, vendor_model_name ) VALUES ( 8, 'E4910MR', 'Mercedes-Benz C-Class' ); 
INSERT INTO "public".cars( id, govern_number, vendor_model_name ) VALUES ( 9, 'X2174BQ', 'Pontiac Grand Am' ); 
INSERT INTO "public".cars( id, govern_number, vendor_model_name ) VALUES ( 10, 'S7340GR', 'Ford Contour' ); 
INSERT INTO "public".cars( id, govern_number, vendor_model_name ) VALUES ( 11, 'V5430OL', 'GMC Vandura 1500' ); 
INSERT INTO "public".cars( id, govern_number, vendor_model_name ) VALUES ( 12, 'N4536WK', 'Mitsubishi Excel' ); 
INSERT INTO "public".cars( id, govern_number, vendor_model_name ) VALUES ( 13, 'R7256LS', 'Volkswagen Jetta' ); 
INSERT INTO "public".cars( id, govern_number, vendor_model_name ) VALUES ( 14, 'N8070UU', 'Lexus LX' ); 
INSERT INTO "public".cars( id, govern_number, vendor_model_name ) VALUES ( 15, 'J3648GI', 'Toyota RAV4' ); 
INSERT INTO "public".cars( id, govern_number, vendor_model_name ) VALUES ( 16, 'V1814GY', 'Ford LTD' ); 
INSERT INTO "public".cars( id, govern_number, vendor_model_name ) VALUES ( 17, 'L0987CK', 'Chevrolet Beretta' ); 
INSERT INTO "public".cars( id, govern_number, vendor_model_name ) VALUES ( 18, 'X7486SL', 'Dodge Charger' ); 
INSERT INTO "public".cars( id, govern_number, vendor_model_name ) VALUES ( 19, 'W5783AM', 'Isuzu i-Series' ); 
INSERT INTO "public".cars( id, govern_number, vendor_model_name ) VALUES ( 20, 'J9930PS', 'Mercedes-Benz S-Class' ); 
INSERT INTO "public".cars( id, govern_number, vendor_model_name ) VALUES ( 21, 'O2590MO', 'Buick Somerset' ); 
INSERT INTO "public".cars( id, govern_number, vendor_model_name ) VALUES ( 22, 'R3526HS', 'Saab 9-3' ); 
INSERT INTO "public".cars( id, govern_number, vendor_model_name ) VALUES ( 23, 'F0008ZW', 'Honda Civic' ); 
INSERT INTO "public".cars( id, govern_number, vendor_model_name ) VALUES ( 24, 'Z8921VA', 'Porsche 911' ); 
INSERT INTO "public".cars( id, govern_number, vendor_model_name ) VALUES ( 25, 'Z5931SJ', 'Nissan Quest' ); 
INSERT INTO "public".cars( id, govern_number, vendor_model_name ) VALUES ( 26, 'F4196FS', 'Buick Regal' ); 
INSERT INTO "public".cars( id, govern_number, vendor_model_name ) VALUES ( 27, 'F4069WB', 'Lexus HS' ); 
INSERT INTO "public".cars( id, govern_number, vendor_model_name ) VALUES ( 28, 'D2296MG', 'Mazda MX-5' ); 
INSERT INTO "public".cars( id, govern_number, vendor_model_name ) VALUES ( 29, 'P2172BP', 'Pontiac Firebird' ); 
INSERT INTO "public".cars( id, govern_number, vendor_model_name ) VALUES ( 30, 'O4969YZ', 'Chevrolet Express 2500' ); 
INSERT INTO "public".cars( id, govern_number, vendor_model_name ) VALUES ( 31, 'V8172ZS', 'Audi A6' ); 
INSERT INTO "public".cars( id, govern_number, vendor_model_name ) VALUES ( 32, 'M7787ED', 'Chevrolet Corvette' ); 
INSERT INTO "public".cars( id, govern_number, vendor_model_name ) VALUES ( 33, 'Y0962TF', 'Volkswagen Passat' ); 
INSERT INTO "public".cars( id, govern_number, vendor_model_name ) VALUES ( 34, 'R0052NY', 'BMW 1 Series' ); 
INSERT INTO "public".cars( id, govern_number, vendor_model_name ) VALUES ( 35, 'G3272YS', 'Lincoln Town Car' ); 
INSERT INTO "public".cars( id, govern_number, vendor_model_name ) VALUES ( 36, 'F3987HW', 'Saab 9-5' ); 
INSERT INTO "public".cars( id, govern_number, vendor_model_name ) VALUES ( 37, 'Z3894VF', 'Mercedes-Benz SLK-Class' ); 
INSERT INTO "public".cars( id, govern_number, vendor_model_name ) VALUES ( 38, 'K5503AI', 'Pontiac G8' ); 
INSERT INTO "public".cars( id, govern_number, vendor_model_name ) VALUES ( 39, 'W1169CR', 'Mercury Mountaineer' ); 
INSERT INTO "public".cars( id, govern_number, vendor_model_name ) VALUES ( 40, 'Q9299MM', 'Hyundai Sonata' ); 
INSERT INTO "public".cars( id, govern_number, vendor_model_name ) VALUES ( 41, 'V0421TW', 'Infiniti QX56' ); 
INSERT INTO "public".cars( id, govern_number, vendor_model_name ) VALUES ( 42, 'S6484XU', 'Ford Explorer Sport Trac' ); 
INSERT INTO "public".cars( id, govern_number, vendor_model_name ) VALUES ( 43, 'W2722LD', 'Mazda CX-9' ); 
INSERT INTO "public".cars( id, govern_number, vendor_model_name ) VALUES ( 44, 'P1387GK', 'Ford Mustang' ); 
INSERT INTO "public".cars( id, govern_number, vendor_model_name ) VALUES ( 45, 'Z8949RE', 'Ford E150' ); 
INSERT INTO "public".cars( id, govern_number, vendor_model_name ) VALUES ( 46, 'O6305OF', 'Mazda Familia' ); 
INSERT INTO "public".cars( id, govern_number, vendor_model_name ) VALUES ( 47, 'Q1211TX', 'Kia Sportage' ); 
INSERT INTO "public".cars( id, govern_number, vendor_model_name ) VALUES ( 48, 'U3776BY', 'Dodge Intrepid' ); 
INSERT INTO "public".cars( id, govern_number, vendor_model_name ) VALUES ( 49, 'Y3632DI', 'Chrysler Fifth Ave' ); 
INSERT INTO "public".cars( id, govern_number, vendor_model_name ) VALUES ( 50, 'E8694JH', 'Chevrolet Lumina' ); 
INSERT INTO "public".cars( id, govern_number, vendor_model_name ) VALUES ( 51, 'I3979FK', 'Audi Coupe GT' ); 
INSERT INTO "public".cars( id, govern_number, vendor_model_name ) VALUES ( 52, 'A3186HD', 'Honda Civic Si' ); 
INSERT INTO "public".cars( id, govern_number, vendor_model_name ) VALUES ( 53, 'F1139LQ', 'Mitsubishi Eclipse' ); 
INSERT INTO "public".cars( id, govern_number, vendor_model_name ) VALUES ( 54, 'G2544GQ', 'GMC Sierra 2500' ); 
INSERT INTO "public".cars( id, govern_number, vendor_model_name ) VALUES ( 55, 'G2786OC', 'Toyota Corolla' ); 
INSERT INTO "public".cars( id, govern_number, vendor_model_name ) VALUES ( 56, 'L3068MA', 'Cadillac SRX' ); 
INSERT INTO "public".cars( id, govern_number, vendor_model_name ) VALUES ( 57, 'N3435HF', 'Mercedes-Benz SL-Class' ); 
INSERT INTO "public".cars( id, govern_number, vendor_model_name ) VALUES ( 58, 'H3178OQ', 'Land Rover LR2' ); 
INSERT INTO "public".cars( id, govern_number, vendor_model_name ) VALUES ( 59, 'A8676HZ', 'Suzuki Grand Vitara' ); 
INSERT INTO "public".cars( id, govern_number, vendor_model_name ) VALUES ( 60, 'X7484SP', 'Jeep Cherokee' ); 
INSERT INTO "public".cars( id, govern_number, vendor_model_name ) VALUES ( 61, 'C0199TW', 'Ford Laser' ); 
INSERT INTO "public".cars( id, govern_number, vendor_model_name ) VALUES ( 62, 'W9307PY', 'Ford F350' ); 
INSERT INTO "public".cars( id, govern_number, vendor_model_name ) VALUES ( 63, 'N1329DT', 'Mitsubishi Galant' ); 
INSERT INTO "public".cars( id, govern_number, vendor_model_name ) VALUES ( 64, 'H4442DG', 'Volvo XC70' ); 
INSERT INTO "public".cars( id, govern_number, vendor_model_name ) VALUES ( 65, 'C5443ZD', 'Oldsmobile Silhouette' ); 
INSERT INTO "public".cars( id, govern_number, vendor_model_name ) VALUES ( 66, 'F7211RA', 'Audi A5' ); 
INSERT INTO "public".cars( id, govern_number, vendor_model_name ) VALUES ( 67, 'R6061GZ', 'Smart Fortwo' ); 
INSERT INTO "public".cars( id, govern_number, vendor_model_name ) VALUES ( 68, 'L9852QD', 'Dodge Grand Caravan' ); 
INSERT INTO "public".cars( id, govern_number, vendor_model_name ) VALUES ( 69, 'U2767ZM', 'Buick Century' ); 
INSERT INTO "public".cars( id, govern_number, vendor_model_name ) VALUES ( 70, 'V3612AU', 'Ford ZX2' ); 
INSERT INTO "public".cars( id, govern_number, vendor_model_name ) VALUES ( 71, 'B4646BD', 'Mitsubishi Pajero' ); 
INSERT INTO "public".cars( id, govern_number, vendor_model_name ) VALUES ( 72, 'Q2468QI', 'Chevrolet Corvair' ); 
INSERT INTO "public".cars( id, govern_number, vendor_model_name ) VALUES ( 73, 'S9687BK', 'Dodge Nitro' ); 
INSERT INTO "public".cars( id, govern_number, vendor_model_name ) VALUES ( 74, 'O3635PY', 'GMC Yukon XL 1500' ); 
INSERT INTO "public".cars( id, govern_number, vendor_model_name ) VALUES ( 75, 'A9536WR', 'Plymouth Colt' ); 
INSERT INTO "public".cars( id, govern_number, vendor_model_name ) VALUES ( 76, 'U0476ZM', 'Lexus LX' ); 
INSERT INTO "public".cars( id, govern_number, vendor_model_name ) VALUES ( 77, 'Z2576TP', 'Buick Century' ); 
INSERT INTO "public".cars( id, govern_number, vendor_model_name ) VALUES ( 78, 'Q4751CL', 'Buick Rendezvous' ); 
INSERT INTO "public".cars( id, govern_number, vendor_model_name ) VALUES ( 79, 'M2581VJ', 'Ford Focus' ); 
INSERT INTO "public".cars( id, govern_number, vendor_model_name ) VALUES ( 80, 'T8312FZ', 'Dodge Ram' ); 
INSERT INTO "public".cars( id, govern_number, vendor_model_name ) VALUES ( 81, 'V1992OW', 'Pontiac Grand Prix' ); 
INSERT INTO "public".cars( id, govern_number, vendor_model_name ) VALUES ( 82, 'Y7181NB', 'Mercedes-Benz SL-Class' ); 
INSERT INTO "public".cars( id, govern_number, vendor_model_name ) VALUES ( 83, 'F3335BL', 'Nissan Altima' ); 
INSERT INTO "public".cars( id, govern_number, vendor_model_name ) VALUES ( 84, 'I7372GE', 'Ford E350' ); 
INSERT INTO "public".cars( id, govern_number, vendor_model_name ) VALUES ( 85, 'G3362WK', 'Buick Coachbuilder' ); 
INSERT INTO "public".cars( id, govern_number, vendor_model_name ) VALUES ( 86, 'G4347LD', 'Chevrolet Corvette' ); 
INSERT INTO "public".cars( id, govern_number, vendor_model_name ) VALUES ( 87, 'D7266KF', 'Lexus GX' ); 
INSERT INTO "public".cars( id, govern_number, vendor_model_name ) VALUES ( 88, 'M2217FG', 'Mercedes-Benz E-Class' ); 
INSERT INTO "public".cars( id, govern_number, vendor_model_name ) VALUES ( 89, 'K7727EW', 'Saab 9-3' ); 
INSERT INTO "public".cars( id, govern_number, vendor_model_name ) VALUES ( 90, 'E4966LA', 'Lexus RX' ); 
INSERT INTO "public".cars( id, govern_number, vendor_model_name ) VALUES ( 91, 'S9390DY', 'Ford E350' ); 
INSERT INTO "public".cars( id, govern_number, vendor_model_name ) VALUES ( 92, 'S6899FC', 'Chevrolet Cruze' ); 
INSERT INTO "public".cars( id, govern_number, vendor_model_name ) VALUES ( 93, 'T9026MM', 'Ford Econoline E150' ); 
INSERT INTO "public".cars( id, govern_number, vendor_model_name ) VALUES ( 94, 'V6106SF', 'Volkswagen Vanagon' ); 
INSERT INTO "public".cars( id, govern_number, vendor_model_name ) VALUES ( 95, 'B5151WP', 'Chevrolet Caprice' ); 
INSERT INTO "public".cars( id, govern_number, vendor_model_name ) VALUES ( 96, 'C8833HS', 'Maybach 57' ); 
INSERT INTO "public".cars( id, govern_number, vendor_model_name ) VALUES ( 97, 'S0145HL', 'Chevrolet Corsica' ); 
INSERT INTO "public".cars( id, govern_number, vendor_model_name ) VALUES ( 98, 'W1439FT', 'Lexus RX' ); 
INSERT INTO "public".cars( id, govern_number, vendor_model_name ) VALUES ( 99, 'P5338TW', 'Chevrolet Suburban' ); 
INSERT INTO "public".cars( id, govern_number, vendor_model_name ) VALUES ( 100, 'M6562GT', 'Mercedes-Benz C-Class' ); 
INSERT INTO "public".customers( id, full_name ) VALUES ( 1, 'Dominica Webber' ); 
INSERT INTO "public".customers( id, full_name ) VALUES ( 2, 'Myles Busfield' ); 
INSERT INTO "public".customers( id, full_name ) VALUES ( 3, 'Ardelia Weighell' ); 
INSERT INTO "public".customers( id, full_name ) VALUES ( 4, 'Adelbert De Ortega' ); 
INSERT INTO "public".customers( id, full_name ) VALUES ( 5, 'Pru Trenoweth' ); 
INSERT INTO "public".customers( id, full_name ) VALUES ( 6, 'Cad Gaudin' ); 
INSERT INTO "public".customers( id, full_name ) VALUES ( 7, 'Deborah Dilland' ); 
INSERT INTO "public".customers( id, full_name ) VALUES ( 8, 'Kassey Mac Geaney' ); 
INSERT INTO "public".customers( id, full_name ) VALUES ( 9, 'Bert Slimings' ); 
INSERT INTO "public".customers( id, full_name ) VALUES ( 10, 'Winslow Luckings' ); 
INSERT INTO "public".customers( id, full_name ) VALUES ( 11, 'Rickard Kryszka' ); 
INSERT INTO "public".customers( id, full_name ) VALUES ( 12, 'Dorthy Donisi' ); 
INSERT INTO "public".customers( id, full_name ) VALUES ( 13, 'Elias Braunston' ); 
INSERT INTO "public".customers( id, full_name ) VALUES ( 14, 'Prudence Belsher' ); 
INSERT INTO "public".customers( id, full_name ) VALUES ( 15, 'Marcel Fennelly' ); 
INSERT INTO "public".customers( id, full_name ) VALUES ( 16, 'Brendin Penrose' ); 
INSERT INTO "public".customers( id, full_name ) VALUES ( 17, 'Bonita Gamon' ); 
INSERT INTO "public".customers( id, full_name ) VALUES ( 18, 'Fiorenze Cluley' ); 
INSERT INTO "public".customers( id, full_name ) VALUES ( 19, 'Tierney Legan' ); 
INSERT INTO "public".customers( id, full_name ) VALUES ( 20, 'Domenic Gregorowicz' ); 
INSERT INTO "public".customers( id, full_name ) VALUES ( 21, 'Hilly Mannock' ); 
INSERT INTO "public".customers( id, full_name ) VALUES ( 22, 'Stormy Weeks' ); 
INSERT INTO "public".customers( id, full_name ) VALUES ( 23, 'Truman Goodram' ); 
INSERT INTO "public".customers( id, full_name ) VALUES ( 24, 'Baxy Fulger' ); 
INSERT INTO "public".customers( id, full_name ) VALUES ( 25, 'Maud Spadaro' ); 
INSERT INTO "public".customers( id, full_name ) VALUES ( 26, 'Chere Tether' ); 
INSERT INTO "public".customers( id, full_name ) VALUES ( 27, 'Skipp Kendred' ); 
INSERT INTO "public".customers( id, full_name ) VALUES ( 28, 'Velvet Roskelley' ); 
INSERT INTO "public".customers( id, full_name ) VALUES ( 29, 'Vasilis Yitzovitz' ); 
INSERT INTO "public".customers( id, full_name ) VALUES ( 30, 'Thom Lowdwell' ); 
INSERT INTO "public".customers( id, full_name ) VALUES ( 31, 'Lorilyn Brotherick' ); 
INSERT INTO "public".customers( id, full_name ) VALUES ( 32, 'Sidoney Greguoli' ); 
INSERT INTO "public".customers( id, full_name ) VALUES ( 33, 'Artair Crolly' ); 
INSERT INTO "public".customers( id, full_name ) VALUES ( 34, 'Nalani O''Lahy' ); 
INSERT INTO "public".customers( id, full_name ) VALUES ( 35, 'Cherey Whinney' ); 
INSERT INTO "public".customers( id, full_name ) VALUES ( 36, 'Elliot Bussons' ); 
INSERT INTO "public".customers( id, full_name ) VALUES ( 37, 'Seana Thorndale' ); 
INSERT INTO "public".customers( id, full_name ) VALUES ( 38, 'Giordano Bernhart' ); 
INSERT INTO "public".customers( id, full_name ) VALUES ( 39, 'Rodrigo Harnwell' ); 
INSERT INTO "public".customers( id, full_name ) VALUES ( 40, 'Adrian Dooley' ); 
INSERT INTO "public".customers( id, full_name ) VALUES ( 41, 'Bria Stanlock' ); 
INSERT INTO "public".customers( id, full_name ) VALUES ( 42, 'Elsinore Hutcheon' ); 
INSERT INTO "public".customers( id, full_name ) VALUES ( 43, 'Titus Strase' ); 
INSERT INTO "public".customers( id, full_name ) VALUES ( 44, 'Ferdy Crosi' ); 
INSERT INTO "public".customers( id, full_name ) VALUES ( 45, 'Quillan Blissett' ); 
INSERT INTO "public".customers( id, full_name ) VALUES ( 46, 'Darill Heddan' ); 
INSERT INTO "public".customers( id, full_name ) VALUES ( 47, 'Annabella Donald' ); 
INSERT INTO "public".customers( id, full_name ) VALUES ( 48, 'Rosaline Gavigan' ); 
INSERT INTO "public".customers( id, full_name ) VALUES ( 49, 'Billy Lathe' ); 
INSERT INTO "public".customers( id, full_name ) VALUES ( 50, 'Sophi Minards' ); 
INSERT INTO "public".customers( id, full_name ) VALUES ( 51, 'Bentlee Bullon' ); 
INSERT INTO "public".customers( id, full_name ) VALUES ( 52, 'Koral Guidetti' ); 
INSERT INTO "public".customers( id, full_name ) VALUES ( 53, 'Si Sidden' ); 
INSERT INTO "public".customers( id, full_name ) VALUES ( 54, 'Afton Garvey' ); 
INSERT INTO "public".customers( id, full_name ) VALUES ( 55, 'Cazzie Costy' ); 
INSERT INTO "public".customers( id, full_name ) VALUES ( 56, 'Carlita McFeat' ); 
INSERT INTO "public".customers( id, full_name ) VALUES ( 57, 'Aggi Paxton' ); 
INSERT INTO "public".customers( id, full_name ) VALUES ( 58, 'Homerus Seaman' ); 
INSERT INTO "public".customers( id, full_name ) VALUES ( 59, 'Dahlia Casillis' ); 
INSERT INTO "public".customers( id, full_name ) VALUES ( 60, 'Bryn Lutty' ); 
INSERT INTO "public".customers( id, full_name ) VALUES ( 61, 'Korella Cotsford' ); 
INSERT INTO "public".customers( id, full_name ) VALUES ( 62, 'Patrica Lindores' ); 
INSERT INTO "public".customers( id, full_name ) VALUES ( 63, 'Darcy Sambiedge' ); 
INSERT INTO "public".customers( id, full_name ) VALUES ( 64, 'Shanda Bernakiewicz' ); 
INSERT INTO "public".customers( id, full_name ) VALUES ( 65, 'Farris Lafond' ); 
INSERT INTO "public".customers( id, full_name ) VALUES ( 66, 'Joell Mufford' ); 
INSERT INTO "public".customers( id, full_name ) VALUES ( 67, 'Cullie Peare' ); 
INSERT INTO "public".customers( id, full_name ) VALUES ( 68, 'Hynda McArdell' ); 
INSERT INTO "public".customers( id, full_name ) VALUES ( 69, 'Tamas Shekle' ); 
INSERT INTO "public".customers( id, full_name ) VALUES ( 70, 'Timotheus La Wille' ); 
INSERT INTO "public".customers( id, full_name ) VALUES ( 71, 'Jillana Grevatt' ); 
INSERT INTO "public".customers( id, full_name ) VALUES ( 72, 'Gregorio Nance' ); 
INSERT INTO "public".customers( id, full_name ) VALUES ( 73, 'Fulvia Grigorkin' ); 
INSERT INTO "public".customers( id, full_name ) VALUES ( 74, 'Kylila Trays' ); 
INSERT INTO "public".customers( id, full_name ) VALUES ( 75, 'Jim MacCole' ); 
INSERT INTO "public".customers( id, full_name ) VALUES ( 76, 'Lotti Seely' ); 
INSERT INTO "public".customers( id, full_name ) VALUES ( 77, 'Blancha Klemz' ); 
INSERT INTO "public".customers( id, full_name ) VALUES ( 78, 'Gloriana Pollastrone' ); 
INSERT INTO "public".customers( id, full_name ) VALUES ( 79, 'Wes Bianco' ); 
INSERT INTO "public".customers( id, full_name ) VALUES ( 80, 'Lemmie O''Shaughnessy' ); 
INSERT INTO "public".customers( id, full_name ) VALUES ( 81, 'Jerad Touzey' ); 
INSERT INTO "public".customers( id, full_name ) VALUES ( 82, 'Lazar Spada' ); 
INSERT INTO "public".customers( id, full_name ) VALUES ( 83, 'Mame Bussen' ); 
INSERT INTO "public".customers( id, full_name ) VALUES ( 84, 'Ardith Wintour' ); 
INSERT INTO "public".customers( id, full_name ) VALUES ( 85, 'Merrily Clayson' ); 
INSERT INTO "public".customers( id, full_name ) VALUES ( 86, 'Lew Dayly' ); 
INSERT INTO "public".customers( id, full_name ) VALUES ( 87, 'Cristy Fullom' ); 
INSERT INTO "public".customers( id, full_name ) VALUES ( 88, 'Shayna O'' Cuolahan' ); 
INSERT INTO "public".customers( id, full_name ) VALUES ( 89, 'Nancy Lenihan' ); 
INSERT INTO "public".customers( id, full_name ) VALUES ( 90, 'Darn Shervil' ); 
INSERT INTO "public".customers( id, full_name ) VALUES ( 91, 'Tasia Woodworth' ); 
INSERT INTO "public".customers( id, full_name ) VALUES ( 92, 'Fredra Bumpas' ); 
INSERT INTO "public".customers( id, full_name ) VALUES ( 93, 'Arlena Jewkes' ); 
INSERT INTO "public".customers( id, full_name ) VALUES ( 94, 'Sherill Oliphard' ); 
INSERT INTO "public".customers( id, full_name ) VALUES ( 95, 'Les Thresh' ); 
INSERT INTO "public".customers( id, full_name ) VALUES ( 96, 'Batholomew Fleischer' ); 
INSERT INTO "public".customers( id, full_name ) VALUES ( 97, 'Haskell Mingey' ); 
INSERT INTO "public".customers( id, full_name ) VALUES ( 98, 'Chandal Masse' ); 
INSERT INTO "public".customers( id, full_name ) VALUES ( 99, 'Leontine Anand' ); 
INSERT INTO "public".customers( id, full_name ) VALUES ( 100, 'Teena Huckel' ); 
INSERT INTO "public".rental_point( id, point_name ) VALUES ( 1, 'Maciejowice' ); 
INSERT INTO "public".rental_point( id, point_name ) VALUES ( 2, 'Andoany' ); 
INSERT INTO "public".rental_point( id, point_name ) VALUES ( 3, 'Burgos' ); 
INSERT INTO "public".rental_point( id, point_name ) VALUES ( 4, 'Shiroi' ); 
INSERT INTO "public".rental_point( id, point_name ) VALUES ( 5, 'Regente Feijó' ); 
INSERT INTO "public".rental_point( id, point_name ) VALUES ( 6, 'Terang' ); 
INSERT INTO "public".rental_point( id, point_name ) VALUES ( 7, 'Jiangyan' ); 
INSERT INTO "public".rental_point( id, point_name ) VALUES ( 8, 'A’ershan' ); 
INSERT INTO "public".rental_point( id, point_name ) VALUES ( 9, 'Slavyanovo' ); 
INSERT INTO "public".rental_point( id, point_name ) VALUES ( 10, 'Buluh Kasap' ); 
INSERT INTO "public".rental_point( id, point_name ) VALUES ( 11, 'Katoúna' ); 
INSERT INTO "public".rental_point( id, point_name ) VALUES ( 12, 'Zhanqian' ); 
INSERT INTO "public".rental_point( id, point_name ) VALUES ( 13, 'Galižana' ); 
INSERT INTO "public".rental_point( id, point_name ) VALUES ( 14, 'Stockholm' ); 
INSERT INTO "public".rental_point( id, point_name ) VALUES ( 15, 'Hostomice' ); 
INSERT INTO "public".rental_point( id, point_name ) VALUES ( 16, 'Barra Bonita' ); 
INSERT INTO "public".rental_point( id, point_name ) VALUES ( 17, 'Laâyoune / El Aaiún' ); 
INSERT INTO "public".rental_point( id, point_name ) VALUES ( 18, 'Dawu Chengguanzhen' ); 
INSERT INTO "public".rental_point( id, point_name ) VALUES ( 19, 'Dowlatyār' ); 
INSERT INTO "public".rental_point( id, point_name ) VALUES ( 20, 'Stockholm' ); 
INSERT INTO "public".rental_point( id, point_name ) VALUES ( 21, 'Ayrihuanca' ); 
INSERT INTO "public".rental_point( id, point_name ) VALUES ( 22, 'Huaidian' ); 
INSERT INTO "public".rental_point( id, point_name ) VALUES ( 23, 'Besukrejo' ); 
INSERT INTO "public".rental_point( id, point_name ) VALUES ( 24, 'Imotski' ); 
INSERT INTO "public".rental_point( id, point_name ) VALUES ( 25, 'Camden' ); 
INSERT INTO "public".rental_point( id, point_name ) VALUES ( 26, 'Wangyi Zhendian' ); 
INSERT INTO "public".rental_point( id, point_name ) VALUES ( 27, 'Xixiang' ); 
INSERT INTO "public".rental_point( id, point_name ) VALUES ( 28, 'Brive-la-Gaillarde' ); 
INSERT INTO "public".rental_point( id, point_name ) VALUES ( 29, 'Progreso' ); 
INSERT INTO "public".rental_point( id, point_name ) VALUES ( 30, 'Huanghai' ); 
INSERT INTO "public".usr( id, active, password, username ) VALUES ( 6, true, '1', 'u' ); 
INSERT INTO "public".usr( id, active, password, username ) VALUES ( 29, true, '1', 'admin' ); 
INSERT INTO "public".usr( id, active, password, username ) VALUES ( 31, true, '1', 'yuriy' ); 
INSERT INTO "public".rental_cars( id, from_rental, to_rental, cars_id, customer_id, rental_point_id ) VALUES ( 9, '2020-03-28 22:49:27.286', '2020-03-28 22:49:27.286', 1, 1, 1 ); 
INSERT INTO "public".rental_cars( id, from_rental, to_rental, cars_id, customer_id, rental_point_id ) VALUES ( 10, '2020-03-28 22:56:47.429', '2020-03-28 22:56:47.429', 1, 1, 1 ); 
INSERT INTO "public".rental_cars( id, from_rental, to_rental, cars_id, customer_id, rental_point_id ) VALUES ( 11, '2020-03-28 23:38:46.862', '2020-03-28 23:38:46.862', 1, 1, 1 ); 
INSERT INTO "public".rental_cars( id, from_rental, to_rental, cars_id, customer_id, rental_point_id ) VALUES ( 12, '2020-03-29 19:03:24.598', '2020-03-29 19:03:24.598', 1, 1, 1 ); 
INSERT INTO "public".rental_cars( id, from_rental, to_rental, cars_id, customer_id, rental_point_id ) VALUES ( 13, '2020-03-29 19:06:10.821', '2020-03-29 19:06:10.821', 1, 1, 1 ); 
INSERT INTO "public".rental_cars( id, from_rental, to_rental, cars_id, customer_id, rental_point_id ) VALUES ( 14, '2020-03-29 19:06:31.203', '2020-03-29 19:06:31.203', 1, 1, 1 ); 
INSERT INTO "public".rental_cars( id, from_rental, to_rental, cars_id, customer_id, rental_point_id ) VALUES ( 15, '2020-03-29 19:13:09.191', '2020-03-29 19:13:09.191', 1, 1, 1 ); 
INSERT INTO "public".rental_cars( id, from_rental, to_rental, cars_id, customer_id, rental_point_id ) VALUES ( 16, '2020-03-29 19:20:35.65', '2020-03-29 19:20:35.65', 1, 1, 1 ); 
INSERT INTO "public".rental_cars( id, from_rental, to_rental, cars_id, customer_id, rental_point_id ) VALUES ( 17, '2020-03-19 05:00:00', '2020-03-04 05:00:00', 1, 1, 1 ); 
INSERT INTO "public".rental_cars( id, from_rental, to_rental, cars_id, customer_id, rental_point_id ) VALUES ( 18, '2020-03-12 00:00:00', '2020-03-04 00:00:00', 1, 1, 1 ); 
INSERT INTO "public".rental_cars( id, from_rental, to_rental, cars_id, customer_id, rental_point_id ) VALUES ( 19, '2020-03-12 00:00:00', '2020-03-04 00:00:00', 1, 1, 1 ); 
INSERT INTO "public".rental_cars( id, from_rental, to_rental, cars_id, customer_id, rental_point_id ) VALUES ( 20, '2020-03-12 00:00:00', '2020-03-04 00:00:00', 1, 1, 1 ); 
INSERT INTO "public".rental_cars( id, from_rental, to_rental, cars_id, customer_id, rental_point_id ) VALUES ( 21, '2020-03-12 00:00:00', '2020-03-04 00:00:00', 1, 1, 1 ); 
INSERT INTO "public".rental_cars( id, from_rental, to_rental, cars_id, customer_id, rental_point_id ) VALUES ( 22, '2020-03-05 00:00:00', '2020-03-03 00:00:00', 1, 1, 1 ); 
INSERT INTO "public".rental_cars( id, from_rental, to_rental, cars_id, customer_id, rental_point_id ) VALUES ( 23, '2020-03-05 00:00:00', '2020-03-03 00:00:00', 1, 1, 1 ); 
INSERT INTO "public".rental_cars( id, from_rental, to_rental, cars_id, customer_id, rental_point_id ) VALUES ( 24, '2020-03-03 00:00:00', '2020-03-01 00:00:00', 1, 1, 1 ); 
INSERT INTO "public".rental_cars( id, from_rental, to_rental, cars_id, customer_id, rental_point_id ) VALUES ( 25, '2020-03-19 00:00:00', '2020-03-03 00:00:00', 1, 1, 1 ); 
INSERT INTO "public".rental_cars( id, from_rental, to_rental, cars_id, customer_id, rental_point_id ) VALUES ( 26, '2020-03-31 00:00:00', '2020-03-01 00:00:00', 8, 5, 10 ); 
INSERT INTO "public".rental_cars( id, from_rental, to_rental, cars_id, customer_id, rental_point_id ) VALUES ( 27, '2020-03-31 05:00:00', '2020-03-01 05:00:00', 1, 1, 1 ); 
INSERT INTO "public".rental_cars( id, from_rental, to_rental, cars_id, customer_id, rental_point_id ) VALUES ( 28, '2020-03-30 05:00:00', '2020-03-02 05:00:00', 1, 1, 1 ); 
INSERT INTO "public".rental_cars( id, from_rental, to_rental, cars_id, customer_id, rental_point_id ) VALUES ( 30, '2020-03-26 05:00:00', '2020-03-17 05:00:00', 7, 3, 4 ); 
INSERT INTO "public".rental_cars( id, from_rental, to_rental, cars_id, customer_id, rental_point_id ) VALUES ( 32, '2020-03-24 05:00:00', '2020-03-03 05:00:00', 8, 1, 1 ); 
INSERT INTO "public".rental_cars( id, from_rental, to_rental, cars_id, customer_id, rental_point_id ) VALUES ( 33, '2020-04-17 00:00:00', '2020-04-09 00:00:00', 8, 5, 10 ); 
INSERT INTO "public".user_role( user_id, roles ) VALUES ( 6, 'USER' ); 
INSERT INTO "public".user_role( user_id, roles ) VALUES ( 29, 'USER' ); 
INSERT INTO "public".user_role( user_id, roles ) VALUES ( 31, 'USER' ); 
